{
  "extrinsics": {
    "take": "take1",
    "intrinsics": {
      "model": "opencv_fisheye_equidistant",
      "resolution": [
        1920,
        1080
      ],
      "K": [
        [
          699.19397931,
          0.0,
          976.75087121
        ],
        [
          0.0,
          699.60395977,
          565.79050329
        ],
        [
          0.0,
          0.0,
          1.0
        ]
      ],
      "distortion": [
        -0.0180332,
        0.06173989,
        -0.05266772,
        0.01903308
      ]
    },
    "board": {
      "cols": 14,
      "rows": 10,
      "square_mm": 40.0,
      "marker_mm": 20.0,
      "dictionary": "DICT_5X5_100"
    },
    "cameras": {
      "cam1": {
        "video": "/Users/zikangjiang/dev/ego-exo/v2/camera-1/a77064-H-0001.mp4",
        "imu": "/Users/zikangjiang/dev/ego-exo/v2/camera-1/a77064-H-0001.txt",
        "video_duration_s": 180.0,
        "sample_step_s": 5,
        "detection_attempts": 36,
        "num_usable_pose_samples": 36,
        "num_pose_samples_after_outlier_filter": 36,
        "best_visualized_frame_s": 30.0,
        "best_visualized_num_corners": 107,
        "rvec_world_to_cam": [
          -0.6635229968719865,
          -0.07757918457490573,
          0.03276313708547624
        ],
        "R_world_to_cam": [
          [
            0.996584260367549,
            -0.005581920498983175,
            -0.0823932894792307
          ],
          [
            0.05516689495702386,
            0.7874366185675531,
            0.6139219701555717
          ],
          [
            0.06145262963019544,
            -0.6163703544967433,
            0.7850548773232945
          ]
        ],
        "t_world_to_cam_mm": [
          -643.427367381726,
          77.46577985810401,
          687.9201453166747
        ],
        "camera_center_world_mm": [
          594.6815385768647,
          359.42263167653124,
          -640.6271068194719
        ],
        "camera_display_x_y_height_mm": [
          594.6815385768647,
          359.42263167653124,
          640.6271068194719
        ],
        "reprojection_mean_px": 1.4309586816790303,
        "reprojection_median_px": 1.2528739915296285,
        "reprojection_p95_px": 3.0645090767482785,
        "reprojection_max_px": 7.670771048998954,
        "imu_timestamps": {
          "first_t_us": 7790417,
          "last_t_us": 187743793,
          "duration_s_from_imu": 179.953376
        }
      },
      "cam2": {
        "video": "/Users/zikangjiang/dev/ego-exo/v2/camera-2/a77033-H-0003.mp4",
        "imu": "/Users/zikangjiang/dev/ego-exo/v2/camera-2/a77033-H-0003.txt",
        "video_duration_s": 180.0,
        "sample_step_s": 5,
        "detection_attempts": 36,
        "num_usable_pose_samples": 35,
        "num_pose_samples_after_outlier_filter": 35,
        "best_visualized_frame_s": 40.0,
        "best_visualized_num_corners": 111,
        "rvec_world_to_cam": [
          -0.48846587380130696,
          -0.5199540236275119,
          -1.482579895406999
        ],
        "R_world_to_cam": [
          [
            0.02027260692484764,
            0.9994103818726909,
            -0.0277111893204276
          ],
          [
            -0.7977968391917933,
            0.032875756308240994,
            0.6020293913279857
          ],
          [
            0.6025854501927959,
            0.009903194042484909,
            0.79799292099849
          ]
        ],
        "t_world_to_cam_mm": [
          -2.395782972335124,
          447.25903350517467,
          461.85201413184876
        ],
        "camera_center_world_mm": [
          78.56510813879055,
          -16.88341873177016,
          -637.8841115286904
        ],
        "camera_display_x_y_height_mm": [
          78.56510813879055,
          -16.88341873177016,
          637.8841115286904
        ],
        "reprojection_mean_px": 0.8751303539759626,
        "reprojection_median_px": 0.7661444676032173,
        "reprojection_p95_px": 1.800170527001284,
        "reprojection_max_px": 6.62797321193751,
        "imu_timestamps": {
          "first_t_us": 7791988,
          "last_t_us": 187744521,
          "duration_s_from_imu": 179.952533
        }
      },
      "cam3": {
        "video": "/Users/zikangjiang/dev/ego-exo/v2/camera-3/a72491-H-0003.mp4",
        "imu": "/Users/zikangjiang/dev/ego-exo/v2/camera-3/a72491-H-0003.txt",
        "video_duration_s": 180.0,
        "sample_step_s": 5,
        "detection_attempts": 36,
        "num_usable_pose_samples": 29,
        "num_pose_samples_after_outlier_filter": 29,
        "best_visualized_frame_s": 35.0,
        "best_visualized_num_corners": 61,
        "rvec_world_to_cam": [
          -0.15104656633219227,
          0.9953431670352967,
          2.9064630880519893
        ],
        "R_world_to_cam": [
          [
            -0.9930240981311531,
            -0.09379374280875592,
            -0.0714554010606271
          ],
          [
            0.030299342865784923,
            -0.7886390790996902,
            0.6141093980217972
          ],
          [
            -0.11395214062364835,
            0.6076603794281125,
            0.7859794990459805
          ]
        ],
        "t_world_to_cam_mm": [
          193.49655928888984,
          63.6510767079192,
          782.4471744997635
        ],
        "camera_center_world_mm": [
          279.37969094155477,
          -407.11565390402234,
          -640.2497883959675
        ],
        "camera_display_x_y_height_mm": [
          279.37969094155477,
          -407.11565390402234,
          640.2497883959675
        ],
        "reprojection_mean_px": 0.7528441565956775,
        "reprojection_median_px": 0.5744116131949397,
        "reprojection_p95_px": 2.281593234590118,
        "reprojection_max_px": 4.305242017083252,
        "imu_timestamps": {
          "first_t_us": 7794280,
          "last_t_us": 187742027,
          "duration_s_from_imu": 179.947747
        }
      },
      "cam4": {
        "video": "/Users/zikangjiang/dev/ego-exo/v2/camera-4/a67244-H-0001.mp4",
        "imu": "/Users/zikangjiang/dev/ego-exo/v2/camera-4/a67244-H-0001.txt",
        "video_duration_s": 180.0,
        "sample_step_s": 5,
        "detection_attempts": 36,
        "num_usable_pose_samples": 36,
        "num_pose_samples_after_outlier_filter": 36,
        "best_visualized_frame_s": 25.0,
        "best_visualized_num_corners": 102,
        "rvec_world_to_cam": [
          -0.6589801104772226,
          -0.026390507532257353,
          -0.10313952662170178
        ],
        "R_world_to_cam": [
          [
            0.9945402222741319,
            0.10402602595588367,
            0.00826632946029748
          ],
          [
            -0.08727145399856331,
            0.7856919802322134,
            0.6124310618475844
          ],
          [
            0.057213980773033205,
            -0.6098087389687105,
            0.7904807791980106
          ]
        ],
        "t_world_to_cam_mm": [
          -201.9612704471209,
          344.47351384626825,
          952.9187171107806
        ],
        "camera_center_world_mm": [
          176.4010380595641,
          331.4573123511986,
          -962.5607314776009
        ],
        "camera_display_x_y_height_mm": [
          176.4010380595641,
          331.4573123511986,
          962.5607314776009
        ],
        "reprojection_mean_px": 0.5937101532852788,
        "reprojection_median_px": 0.43467608591794515,
        "reprojection_p95_px": 2.14157472173494,
        "reprojection_max_px": 4.756726629027097,
        "imu_timestamps": {
          "first_t_us": 7792106,
          "last_t_us": 187740705,
          "duration_s_from_imu": 179.948599
        }
      }
    },