{
  "schema": "all_available_hand21_triangulation_v1",
  "source_labels": "get_GT_handpose/ego_exo_visualizations/v2/handpose_labeler/labels/left_hand_session_171483.json",
  "source_bone_lengths": "get_GT_handpose/ego_exo_visualizations/v2/handpose_labeler/labels/personal_hand_bone_lengths_left_reference.json",
  "hand": "left",
  "method": "Each keypoint is triangulated with every available labeled camera for that keypoint; joints with fewer than 2 camera labels are skipped.",
  "session_time_s": 171.483,
  "num_triangulated_keypoints": 19,
  "num_total_keypoints": 21,
  "missing_keypoints": [
    {
      "index": 16,
      "name": "ring_tip",
      "sources": [
        "cam3"
      ]
    },
    {
      "index": 20,
      "name": "pinky_tip",
      "sources": [
        "cam1"
      ]
    }
  ],
  "reprojection_error_px": {
    "mean": 6.606771527019769,
    "median": 4.947333544832051,
    "p95": 16.60957019588201,
    "max": 24.730317742493376
  },
  "bone_length_error_mm": {
    "num_bones_evaluated": 18,
    "num_total_bones": 20,
    "mean_abs": 10.184371979201943,
    "median_abs": 9.749802574571223,
    "max_abs": 20.870550638856564
  },
  "points_mm": {
    "wrist": [
      381.09074989025095,
      120.25714689264679,
      -292.67260230282534
    ],
    "thumb_cmc": [
      407.91821355902215,
      160.0272609884164,
      -275.2084674718942
    ],
    "thumb_mcp": [
      405.5307668848393,
      188.8763695291474,
      -255.3215503676297
    ],
    "thumb_ip": [
      399.4085681054551,
      209.55235430569576,
      -236.87745956915177
    ],
    "thumb_tip": [
      389.56202930199163,
      223.21044825532877,
      -220.24814644785135
    ],
    "index_mcp": [
      357.877901035445,
      188.10634367076082,
      -295.66559464440496
    ],
    "index_pip": [
      337.74865101614006,
      227.94672449694067,
      -274.12659832043425
    ],
    "index_dip": [
      329.4491025756202,
      244.61307344434323,
      -255.56697965292616
    ],
    "index_tip": [
      328.7123026462981,
      255.03148414996298,
      -241.1407936577686
    ],
    "middle_mcp": [
      335.53083850238636,
      172.6643397213387,
      -285.5424077978084
    ],
    "middle_pip": [
      319.5247309101487,
      215.65010691333325,
      -257.91679604884274
    ],
    "middle_dip": [
      319.0619178215376,
      227.98494270023474,
      -239.09469561719789
    ],
    "middle_tip": [
      327.9926183347639,
      235.50410833556862,
      -202.42106920408773
    ],
    "ring_mcp": [
      331.5401384032829,
      153.5872737728286,
      -271.5904131422053
    ],
    "ring_pip": [
      312.8090411623211,
      192.88350517943468,
      -245.17798120141487
    ],
    "ring_dip": [
      318.830272503077,
      214.98800351361123,
      -212.8445987157321
    ],
    "pinky_mcp": [
      331.81397573739565,
      138.76065047580158,
      -253.11625587958608
    ],
    "pinky_pip": [
      324.6336697477719,
      173.16860634455395,
      -222.6568338791581
    ],
    "pinky_dip": [
      332.80222985364225,
      198.30792992064883,
      -206.07683118390196
    ]
  },
  "point_sources": {
    "wrist": [
      "cam1",
      "cam2",
      "cam3",
      "cam4"
    ],
    "thumb_cmc": [
      "cam1",
      "cam4"
    ],
    "thumb_mcp": [
      "cam1",
      "cam4"
    ],
    "thumb_ip": [
      "cam1",
      "cam4"
    ],
    "thumb_tip": [
      "cam1",
      "cam4"
    ],
    "index_mcp": [
      "cam1",
      "cam2",
      "cam3",
      "cam4"
    ],
    "index_pip": [
      "cam1",
      "cam2",
      "cam3",
      "cam4"
    ],
    "index_dip": [
      "cam1",
      "cam2",
      "cam3",
      "cam4"
    ],
    "index_tip": [
      "cam1",
      "cam2",
      "cam4"
    ],
    "middle_mcp": [
      "cam1",
      "cam2",
      "cam3",
      "cam4"
    ],
    "middle_pip": [
      "cam1",
      "cam2",
      "cam3",
      "cam4"
    ],
    "middle_dip": [
      "cam2",
      "cam3",
      "cam4"
    ],
    "middle_tip": [
      "cam2",
      "cam4"
    ],
    "ring_mcp": [
      "cam2",
      "cam3",
      "cam4"
    ],
    "ring_pip": [
      "cam2",
      "cam3",
      "cam4"
    ],
    "ring_dip": [
      "cam2",
      "cam3",
      "cam4"
    ],
    "ring_tip": [
      "cam3"
    ],
    "pinky_mcp": [
      "cam2",
      "cam3",
      "cam4"
    ],
    "pinky_pip": [
      "cam1",
      "cam2",
      "cam3",
      "cam4"
    ],
    "pinky_dip": [
      "cam1",
      "cam2"
    ],
    "pinky_tip": [
      "cam1"
    ]
  },
  "reprojection_errors_px": {
    "wrist": {
      "cam1": 14.958637684895166,
      "cam2": 3.8819672690083746,
      "cam3": 4.309842266875668,
      "cam4": 5.866310332569475
    },
    "thumb_cmc": {
      "cam1": 11.261724942674011,
      "cam4": 6.764001217751595
    },
    "thumb_mcp": {
      "cam1": 11.046946303156979,
      "cam4": 6.618922218393247
    },
    "thumb_ip": {
      "cam1": 16.50070915696082,
      "cam4": 9.847139185381478
    },
    "thumb_tip": {
      "cam1": 19.540922512792907,
      "cam4": 11.708669753249971
    },
    "index_mcp": {
      "cam1": 17.226449416435422,
      "cam2": 3.064649720273253,
      "cam3": 7.548225495757475,
      "cam4": 7.297068062737895
    },
    "index_pip": {
      "cam1": 13.725919720429223,
      "cam2": 5.404705003703596,
      "cam3": 3.9230916341183297,
      "cam4": 6.376848050660532
    },
    "index_dip": {
      "cam1": 13.862702027615667,
      "cam2": 6.366523339524109,
      "cam3": 4.7796199257785785,
      "cam4": 6.331101892212648
    },
    "index_tip": {
      "cam1": 11.218124179923063,
      "cam2": 3.2342560419601902,
      "cam4": 5.625951657315994
    },
    "middle_mcp": {
      "cam1": 15.582168758563512,
      "cam2": 4.97169714379815,
      "cam3": 6.2611740829776155,
      "cam4": 7.005782384739929
    },
    "middle_pip": {
      "cam1": 10.429954119648151,
      "cam2": 1.6322158459838116,
      "cam3": 9.103949827790682,
      "cam4": 4.922969945865952
    },
    "middle_dip": {
      "cam2": 0.2731813070923215,
      "cam3": 1.372163107140989,
      "cam4": 1.6841773829466724
    },
    "middle_tip": {
      "cam2": 0.170155732222173,
      "cam4": 0.13740778475770485
    },
    "ring_mcp": {
      "cam2": 3.9131570345431896,
      "cam3": 3.6571049039409296,
      "cam4": 2.8759536439334887
    },
    "ring_pip": {
      "cam2": 2.5998999321737672,
      "cam3": 1.7743692076802209,
      "cam4": 1.2256762063019908
    },
    "ring_dip": {
      "cam2": 3.3756528200607665,
      "cam3": 1.8491567760368284,
      "cam4": 2.7623088295059826
    },
    "pinky_mcp": {
      "cam2": 2.4538179103438273,
      "cam3": 1.7472289621463373,
      "cam4": 0.9179901336686747
    },
    "pinky_pip": {
      "cam2": 4.459234601512714,
      "cam1": 24.730317742493376,
      "cam3": 2.865410933141761,
      "cam4": 16.001196640037605
    },
    "pinky_dip": {
      "cam1": 1.882129249884862,
      "cam2": 2.2641166040569316
    }
  },
  "bones": [
    {
      "bone": "wrist_thumb_cmc",
      "start": 0,
      "end": 1,
      "status": "ok",
      "length_mm": 51.05262762564443,
      "gt_length_mm": 52,
      "error_mm": -0.9473723743555666,
      "abs_error_mm": 0.9473723743555666,
      "start_sources": [
        "cam1",
        "cam2",
        "cam3",
        "cam4"
      ],
      "end_sources": [
        "cam1",
        "cam4"
      ]
    },
    {
      "bone": "thumb_cmc_mcp",
      "start": 1,
      "end": 2,
      "status": "ok",
      "length_mm": 35.12065541997806,
      "gt_length_mm": 38.5,
      "error_mm": -3.379344580021943,
      "abs_error_mm": 3.379344580021943,
      "start_sources": [
        "cam1",
        "cam4"
      ],
      "end_sources": [
        "cam1",
        "cam4"
      ]
    },
    {
      "bone": "thumb_mcp_ip",
      "start": 2,
      "end": 3,
      "status": "ok",
      "length_mm": 28.37537928833464,
      "gt_length_mm": 31.5,
      "error_mm": -3.1246207116653615,
      "abs_error_mm": 3.1246207116653615,