{
  "points_world_mm": {
    "tip": [
      476.42164436605975,
      166.99488420298042,
      -221.1364418447739
    ],
    "tail": [
      476.2190725302322,
      161.65645756021354,
      -120.07082015192658
    ]
  },
  "height_above_board_mm": {
    "tip": 221.1364418447739,
    "tail": 120.07082015192658
  },
  "tip_minus_tail_vector_mm": [
    0.20257183582754124,
    5.338426642766876,
    -101.06562169284733
  ],
  "distance_tip_tail_mm": 101.2067177737259,
  "vertical_height_difference_mm": 101.06562169284733,
  "board_plane_xy_distance_mm": 5.342268653753175,
  "reprojection": {
    "tip": {
      "cam1": {
        "observed": [
          1017.44,
          473.16
        ],
        "projected": [
          979.7834805422881,
          411.6674512398898
        ],
        "error_px": 72.10649770085617
      },
      "cam2": {
        "observed": [
          1046.61,
          578.92
        ],
        "projected": [
          997.6721343252293,
          656.0348506690825
        ],
        "error_px": 91.33244161039818
      }
    },
    "tail": {
      "cam1": {
        "observed": [
          1008.32,
          558.86
        ],
        "projected": [
          969.7115041212372,
          502.0759854511167
        ],
        "error_px": 68.66615077538741
      },
      "cam2": {
        "observed": [
          1028.38,
          653.68
        ],
        "projected": [
          985.852461858899,
          719.9216391104165
        ],
        "error_px": 78.71814436568918
      }
    }
  }
}