{
  "note": "segment1/segment2 are file segments from one recording session, not separate recording sessions.",
  "summaries": [
    {
      "segment": "segment1",
      "source_report": "/Users/zikangjiang/dev/ego-exo/visualizations/v2/take1/v2_calibration_and_audio_sync_report.json",
      "camera_reprojection": {
        "cam1": {
          "video": "/Users/zikangjiang/dev/ego-exo/v2/camera-1/a77064-H-0001.mp4",
          "best_visualized_frame_s": 30.0,
          "num_corners": 107,
          "pnp_reprojection_px": {
            "mean": 1.5122763897732772,
            "median": 1.4065495333924487,
            "p95": 3.1709650496540505,
            "max": 3.720541572933328
          },
          "aggregate_pose_reprojection_px": {
            "mean": 1.6512171024871796,
            "median": 1.3807228511781866,
            "p95": 3.8145752108035937,
            "max": 5.0099889716803006
          }
        },
        "cam2": {
          "video": "/Users/zikangjiang/dev/ego-exo/v2/camera-2/a77033-H-0003.mp4",
          "best_visualized_frame_s": 40.0,
          "num_corners": 111,
          "pnp_reprojection_px": {
            "mean": 0.8459038221344515,
            "median": 0.7319874699500064,
            "p95": 1.7227039604431242,
            "max": 3.5212369278649485
          },
          "aggregate_pose_reprojection_px": {
            "mean": 0.8911724938377075,
            "median": 0.778885639929258,
            "p95": 1.964648374395132,
            "max": 3.6929125070432347
          }
        },
        "cam3": {
          "video": "/Users/zikangjiang/dev/ego-exo/v2/camera-3/a72491-H-0003.mp4",
          "best_visualized_frame_s": 35.0,
          "num_corners": 61,
          "pnp_reprojection_px": {
            "mean": 0.8205436698467267,
            "median": 0.6072404256936514,
            "p95": 1.8569422002928753,
            "max": 2.9264690537567106
          },
          "aggregate_pose_reprojection_px": {
            "mean": 0.8715115144631861,
            "median": 0.652598993455872,
            "p95": 1.954097848266449,
            "max": 3.6122426122050073
          }
        },
        "cam4": {
          "video": "/Users/zikangjiang/dev/ego-exo/v2/camera-4/a67244-H-0001.mp4",
          "best_visualized_frame_s": 25.0,
          "num_corners": 102,
          "pnp_reprojection_px": {
            "mean": 0.5624417783054579,
            "median": 0.3985283305533379,
            "p95": 2.026379067876034,
            "max": 3.7858237922971445
          },
          "aggregate_pose_reprojection_px": {
            "mean": 2.133043596945292,
            "median": 2.0231530590881723,
            "p95": 3.302692689829242,
            "max": 4.947052031591684
          }
        }
      },
      "triangulation_by_camera_count": {
        "2": {
          "num_combinations": 6,
          "best_combo": "cam1+cam2",
          "best_median_mm": 1.371336592209957,
          "best_p95_mm": 3.8448967185164014,
          "worst_combo": "cam2+cam4",
          "worst_median_mm": 6.24363084837771,
          "mean_of_combo_medians_mm": 2.939648879038161,
          "median_of_combo_medians_mm": 2.531735549980006
        },
        "3": {
          "num_combinations": 4,
          "best_combo": "cam1+cam2+cam3",
          "best_median_mm": 1.0797630197458576,
          "best_p95_mm": 2.5125267179152986,
          "worst_combo": "cam2+cam3+cam4",
          "worst_median_mm": 2.735184880314505,
          "mean_of_combo_medians_mm": 1.963441034514601,
          "median_of_combo_medians_mm": 2.0194081189990207
        },
        "4": {
          "num_combinations": 1,
          "best_combo": "cam1+cam2+cam3+cam4",
          "best_median_mm": 1.7002979304960881,
          "best_p95_mm": 2.6947319486595243,
          "worst_combo": "cam1+cam2+cam3+cam4",
          "worst_median_mm": 1.7002979304960881,
          "mean_of_combo_medians_mm": 1.7002979304960881,
          "median_of_combo_medians_mm": 1.7002979304960881
        }
      },
      "triangulation_combos": [
        {
          "combo": "cam1+cam2",
          "num_cameras": 2,
          "num_common_corners": 106,
          "triangulation_mean_mm": 1.7252821083398502,
          "triangulation_median_mm": 1.371336592209957,
          "triangulation_p95_mm": 3.8448967185164014,
          "triangulation_max_mm": 6.674614049391811,
          "reprojected_triangulated_mean_px": 0.6787162811718558,
          "reprojected_triangulated_median_px": 0.5046352379567227
        },
        {
          "combo": "cam1+cam3",
          "num_cameras": 2,
          "num_common_corners": 57,
          "triangulation_mean_mm": 1.7481445920122791,
          "triangulation_median_mm": 1.5302060559764075,
          "triangulation_p95_mm": 3.3714930763348208,
          "triangulation_max_mm": 9.616213533613548,
          "reprojected_triangulated_mean_px": 0.6259661681242991,
          "reprojected_triangulated_median_px": 0.4664779600099709
        },
        {
          "combo": "cam1+cam4",
          "num_cameras": 2,
          "num_common_corners": 95,
          "triangulation_mean_mm": 4.3965323873806605,
          "triangulation_median_mm": 3.4292486777048765,
          "triangulation_p95_mm": 9.588242746621225,
          "triangulation_max_mm": 10.729380732526073,
          "reprojected_triangulated_mean_px": 0.7425537060103052,
          "reprojected_triangulated_median_px": 0.6663537372588795
        },
        {
          "combo": "cam2+cam3",
          "num_cameras": 2,
          "num_common_corners": 58,
          "triangulation_mean_mm": 2.147656932456034,
          "triangulation_median_mm": 1.8619234222580778,
          "triangulation_p95_mm": 3.7616734718664886,
          "triangulation_max_mm": 12.352015085873067,
          "reprojected_triangulated_mean_px": 0.32108807447690974,
          "reprojected_triangulated_median_px": 0.21617847433577578
        },
        {
          "combo": "cam2+cam4",
          "num_cameras": 2,
          "num_common_corners": 98,
          "triangulation_mean_mm": 6.387101372485045,
          "triangulation_median_mm": 6.24363084837771,
          "triangulation_p95_mm": 10.979713196990135,
          "triangulation_max_mm": 14.678128661073409,
          "reprojected_triangulated_mean_px": 0.3397047882699473,
          "reprojected_triangulated_median_px": 0.2422666208907841
        },
        {
          "combo": "cam3+cam4",
          "num_cameras": 2,
          "num_common_corners": 56,
          "triangulation_mean_mm": 3.4755286106566023,
          "triangulation_median_mm": 3.2015476777019334,
          "triangulation_p95_mm": 5.85010680818832,
          "triangulation_max_mm": 7.173649869067412,
          "reprojected_triangulated_mean_px": 0.5677670034841417,
          "reprojected_triangulated_median_px": 0.4955836219396611
        },
        {
          "combo": "cam1+cam2+cam3",
          "num_cameras": 3,
          "num_common_corners": 56,
          "triangulation_mean_mm": 1.2795508583350692,
          "triangulation_median_mm": 1.0797630197458576,
          "triangulation_p95_mm": 2.5125267179152986,
          "triangulation_max_mm": 7.208443302854899,
          "reprojected_triangulated_mean_px": 0.8406470521401713,
          "reprojected_triangulated_median_px": 0.6856738777904655
        },
        {
          "combo": "cam1+cam2+cam4",
          "num_cameras": 3,
          "num_common_corners": 94,
          "triangulation_mean_mm": 2.2123479390385743,
          "triangulation_median_mm": 2.056342559743321,
          "triangulation_p95_mm": 3.664797020273943,
          "triangulation_max_mm": 6.869785393458509,
          "reprojected_triangulated_mean_px": 1.2659351729952533,
          "reprojected_triangulated_median_px": 1.1996120785943067
        },
        {
          "combo": "cam1+cam3+cam4",
          "num_cameras": 3,
          "num_common_corners": 53,
          "triangulation_mean_mm": 2.0834381914383266,