{
  "extrinsics": {
    "take": "take2",
    "intrinsics": {
      "model": "opencv_fisheye_equidistant",
      "resolution": [
        1920,
        1080
      ],
      "K": [
        [
          699.19397931,
          0.0,
          976.75087121
        ],
        [
          0.0,
          699.60395977,
          565.79050329
        ],
        [
          0.0,
          0.0,
          1.0
        ]
      ],
      "distortion": [
        -0.0180332,
        0.06173989,
        -0.05266772,
        0.01903308
      ]
    },
    "board": {
      "cols": 14,
      "rows": 10,
      "square_mm": 40.0,
      "marker_mm": 20.0,
      "dictionary": "DICT_5X5_100"
    },
    "cameras": {
      "cam1": {
        "video": "/Users/zikangjiang/dev/ego-exo/v2/camera-1/a77064-H-0002.mp4",
        "imu": "/Users/zikangjiang/dev/ego-exo/v2/camera-1/a77064-H-0002.txt",
        "video_duration_s": 105.73333333333333,
        "sample_step_s": 5,
        "detection_attempts": 22,
        "num_usable_pose_samples": 18,
        "num_pose_samples_after_outlier_filter": 18,
        "best_visualized_frame_s": 90.0,
        "best_visualized_num_corners": 92,
        "rvec_world_to_cam": [
          -0.6580936616841679,
          -0.07220226653042999,
          0.03572178171916035
        ],
        "R_world_to_cam": [
          [
            0.9968725199849728,
            -0.010261333989796523,
            -0.07835741141436296
          ],
          [
            0.05606192154753513,
            0.7906583455770384,
            0.6096855267445495
          ],
          [
            0.05569775445390872,
            -0.6121716144955845,
            0.7887608475036407
          ]
        ],
        "t_world_to_cam_mm": [
          -642.209216392707,
          75.4085975601375,
          688.8248870608782
        ],
        "camera_center_world_mm": [
          597.6071696012884,
          355.4666829668824,
          -639.615484007237
        ],
        "camera_display_x_y_height_mm": [
          597.6071696012884,
          355.4666829668824,
          639.615484007237
        ],
        "reprojection_mean_px": 1.4319565386191462,
        "reprojection_median_px": 1.2298974655645871,
        "reprojection_p95_px": 3.0083161541386962,
        "reprojection_max_px": 8.057970878180011,
        "imu_timestamps": {
          "first_t_us": 187775239,
          "last_t_us": 293465467,
          "duration_s_from_imu": 105.690228
        }
      },
      "cam2": {
        "video": "/Users/zikangjiang/dev/ego-exo/v2/camera-2/a77033-H-0004.mp4",
        "imu": "/Users/zikangjiang/dev/ego-exo/v2/camera-2/a77033-H-0004.txt",
        "video_duration_s": 110.7,
        "sample_step_s": 5,
        "detection_attempts": 23,
        "num_usable_pose_samples": 21,
        "num_pose_samples_after_outlier_filter": 21,
        "best_visualized_frame_s": 95.0,
        "best_visualized_num_corners": 111,
        "rvec_world_to_cam": [
          -0.4867319220897053,
          -0.5164013932506641,
          -1.4827017111001193
        ],
        "R_world_to_cam": [
          [
            0.021162176424507143,
            0.9994180048821466,
            -0.026754696902927755
          ],
          [
            -0.7998054384735291,
            0.032980315779590055,
            0.5993526168786154
          ],
          [
            0.5998861749341652,
            0.008714946268797208,
            0.8000378908741685
          ]
        ],
        "t_world_to_cam_mm": [
          -2.4649699946947177,
          446.07617625727676,
          462.78223897352433
        ],
        "camera_center_world_mm": [
          79.20964870865907,
          -16.281320107332842,
          -637.666199494492
        ],
        "camera_display_x_y_height_mm": [
          79.20964870865907,
          -16.281320107332842,
          637.666199494492
        ],
        "reprojection_mean_px": 0.9051403210361721,
        "reprojection_median_px": 0.8054840603734698,
        "reprojection_p95_px": 1.8896818700466442,
        "reprojection_max_px": 9.199365999548364,
        "imu_timestamps": {
          "first_t_us": 187778807,
          "last_t_us": 298457735,
          "duration_s_from_imu": 110.678928
        }
      },
      "cam3": {
        "video": "/Users/zikangjiang/dev/ego-exo/v2/camera-3/a72491-H-0004.mp4",
        "imu": "/Users/zikangjiang/dev/ego-exo/v2/camera-3/a72491-H-0004.txt",
        "video_duration_s": 129.63333333333333,
        "sample_step_s": 5,
        "detection_attempts": 26,
        "num_usable_pose_samples": 14,
        "num_pose_samples_after_outlier_filter": 14,
        "best_visualized_frame_s": 60.0,
        "best_visualized_num_corners": 54,
        "rvec_world_to_cam": [
          -0.15263149727446704,
          0.9913086264433785,
          2.9075686986562164
        ],
        "R_world_to_cam": [
          [
            -0.9929100963175975,
            -0.09419718126157679,
            -0.07250125290609011
          ],
          [
            0.030289512865473045,
            -0.7902967634732103,
            0.6119751392451667
          ],
          [
            -0.11494383863849136,
            0.6054402668192316,
            0.7875468222733853
          ]
        ],
        "t_world_to_cam_mm": [
          193.09199748198125,
          62.050287884910034,
          782.5403818941941
        ],
        "camera_center_world_mm": [
          279.79171620934466,
          -406.55459403584877,
          -640.2610128863613
        ],
        "camera_display_x_y_height_mm": [
          279.79171620934466,
          -406.55459403584877,
          640.2610128863613
        ],
        "reprojection_mean_px": 0.8255852500928988,
        "reprojection_median_px": 0.5888814499190662,
        "reprojection_p95_px": 2.609252943212357,
        "reprojection_max_px": 6.310340186479563,
        "imu_timestamps": {
          "first_t_us": 187776210,
          "last_t_us": 317385699,
          "duration_s_from_imu": 129.609489
        }
      },
      "cam4": {
        "video": "/Users/zikangjiang/dev/ego-exo/v2/camera-4/a67244-H-0002.mp4",
        "imu": "/Users/zikangjiang/dev/ego-exo/v2/camera-4/a67244-H-0002.txt",
        "video_duration_s": 125.86666666666666,
        "sample_step_s": 5,
        "detection_attempts": 26,
        "num_usable_pose_samples": 24,
        "num_pose_samples_after_outlier_filter": 24,
        "best_visualized_frame_s": 90.0,
        "best_visualized_num_corners": 90,
        "rvec_world_to_cam": [
          -0.6583546158337511,
          -0.02436344170509531,
          -0.1028087632694289
        ],
        "R_world_to_cam": [
          [
            0.9946221458414796,
            0.10308542905369521,
            0.010009061819482447
          ],
          [
            -0.08763117343539094,
            0.7861038466879222,
            0.6118508965955581
          ],
          [
            0.055204750194408826,
            -0.6094375575391359,
            0.7909097919590486
          ]
        ],
        "t_world_to_cam_mm": [
          -202.0916191537371,
          344.0276096026971,
          954.1899797033102
        ],
        "camera_center_world_mm": [
          178.47652355539668,
          331.91048465179097,
          -963.1490522162817
        ],
        "camera_display_x_y_height_mm": [
          178.47652355539668,
          331.91048465179097,
          963.1490522162817
        ],
        "reprojection_mean_px": 0.5527542599218894,
        "reprojection_median_px": 0.3787838102193077,
        "reprojection_p95_px": 2.0968275631350077,
        "reprojection_max_px": 4.035891837116227,
        "imu_timestamps": {
          "first_t_us": 187777517,
          "last_t_us": 313615343,
          "duration_s_from_imu": 125.837826
        }
      }
    },