{
  "points_world_mm": {
    "tip": [
      303.385721864159,
      250.791080144331,
      -6.904355634503382
    ],
    "tail": [
      211.58309150347247,
      170.50032228196392,
      -11.853441155157151
    ]
  },
  "height_above_board_mm": {
    "tip": 6.904355634503382,
    "tail": 11.853441155157151
  },
  "tip_minus_tail_vector_mm": [
    91.80263036068652,
    80.29075786236709,
    4.949085520653769
  ],
  "distance_tip_tail_mm": 122.06073155091629,
  "reprojection": {
    "tip": {
      "cam1": {
        "observed": [
          1064.32,
          746.67
        ],
        "projected": [
          1065.2151917217923,
          747.0453583083648
        ],
        "error_px": 0.9707018483674971
      },
      "cam2": {
        "observed": [
          757.22,
          870.92
        ],
        "projected": [
          757.6030710875394,
          870.2213889344466
        ],
        "error_px": 0.796743923115948
      }
    },
    "tail": {
      "cam1": {
        "observed": [
          968.21,
          847.47
        ],
        "projected": [
          968.4005687865293,
          847.5556107268774
        ],
        "error_px": 0.20891543493891718
      },
      "cam2": {
        "observed": [
          663.44,
          765.42
        ],
        "projected": [
          663.504345751266,
          765.2776762242621
        ],
        "error_px": 0.15619357491988942
      }
    }
  }
}